{
  "format_version": 3,
  "id": "google_blue_light",
  "name": "stock",
  "prefer_key_border": false,
  "is_light_theme": true,
  "style_sheets": [
    "style_sheet_color_common.binarypb",
	"style_sheet_color_rules.binarypb",
	"style_sheet_google_blue_rules.binarypb",
	"style_sheet_google_blue_light.binarypb"
  ],
  "flavors": [
    {
      "type": "BORDER",
      "style_sheets": [
        "style_sheet_color_rules_border.binarypb",
		"style_sheet_google_blue_light_border.binarypb"
      ]
    }
  ]
}
