{
  "format_version": 3,
  "id": "holo_white",
  "name": "stock",
  "prefer_key_border": false,
  "is_light_theme": false,
  "style_sheets": [
    "style_sheet_color_common.binarypb",
	"style_sheet_color_label_white.binarypb",
	"style_sheet_color_expression_dark.binarypb",
	"style_sheet_color_rules.binarypb",
	"style_sheet_holo_rules.binarypb",
	"style_sheet_holo_white.binarypb"
  ],
  "flavors": [
    {
      "type": "BORDER",
      "style_sheets": [
        "style_sheet_color_rules_border.binarypb",
        "style_sheet_holo_white_border.binarypb"
      ]
    }
  ]
}
